mad_id,Date,Airport,Departure Punctuality %,Arrival Punctuality %,Avg Departure Schedule Delay,Avg Arrival Schedule Delay,Avg Departure - Arrival Schedule Delay,Operated Schedules %,Flights,Flights (7-day moving average)
1,2023-10-31,Madrid Barajas,0.725868725868726,0.893909626719057,13.0579150579151,10.6583824492469,2.39953260866817,0.934256055363322,1085.0,1111.1
2,2023-10-30,Madrid Barajas,0.688191881918819,0.783985102420857,14.5344710947109,11.9745189323402,2.55995216237078,0.944630872483222,1119.0,1111.7
3,2023-10-29,Madrid Barajas,0.578066914498141,0.721153846153846,21.4386617100372,15.1150961538462,6.32356555619102,0.928452579034942,1101.0,1113.4
4,2023-10-28,Madrid Barajas,0.626482213438735,0.74703557312253,17.3099143610013,12.3891304347826,4.92078392621871,0.956284153005465,1052.0,1114.7
5,2023-10-27,Madrid Barajas,0.559714795008913,0.628070175438597,24.7896613190731,20.0022222222222,4.78743909685086,0.932258064516129,1172.0,1114.4
6,2023-10-26,Madrid Barajas,0.607407407407407,0.661172161172161,20.9092592592593,15.7646214896215,5.14463776963777,0.960548885077187,1115.0,1111.9
7,2023-10-25,Madrid Barajas,0.692022263450835,0.76007326007326,13.734693877551,12.0316239316239,1.70306994592709,0.952702702702703,1134.0,1117.4
8,2023-10-24,Madrid Barajas,0.667917448405253,0.751445086705202,15.522138836773,12.8579640333976,2.66417480337542,0.964912280701754,1089.0,1113.6
9,2023-10-23,Madrid Barajas,0.587476979742173,0.668539325842697,22.8482197667281,18.9783707865169,3.8698489802112,0.960750853242321,1131.0,1113.7
10,2023-10-22,Madrid Barajas,0.72744014732965,0.761638733705773,15.2698895027624,12.2865301055245,2.98335939723791,0.960884353741496,1110.0,1109.7
11,2023-10-21,Madrid Barajas,0.787698412698413,0.813953488372093,12.6309523809524,10.7390826873385,1.89186969361388,0.967984934086629,1050.0,1114.4
12,2023-10-20,Madrid Barajas,0.562386980108499,0.657608695652174,23.3402049427366,17.5282306763285,5.81197426640809,0.937908496732026,1154.0,1114.7
13,2023-10-19,Madrid Barajas,0.402573529411765,0.571167883211679,38.8807904411765,27.5404805352798,11.3403099058967,0.945544554455445,1154.0,1111.9
14,2023-10-18,Madrid Barajas,0.784277879341865,0.815642458100559,11.1501828153565,9.80909373060211,1.34108908475438,0.942470389170897,1107.0,1103.6
15,2023-10-17,Madrid Barajas,0.797752808988764,0.82442748091603,12.5393258426966,14.1311386768448,-1.59181283414815,0.963028169014085,1090.0,1110.6
16,2023-10-16,Madrid Barajas,0.720149253731343,0.780847145488029,15.7272077114428,14.7075813382443,1.01962637319846,0.951640759930915,1103.0,1108.3
17,2023-10-15,Madrid Barajas,0.740471869328494,0.777573529411765,15.0254083484574,11.8034926470588,3.22191570139853,0.96,1143.0,1110.9
18,2023-10-14,Madrid Barajas,0.806324110671937,0.862475442043222,11.3893280632411,7.96748526522593,3.42184279801517,0.959558823529412,1052.0,1109.3
19,2023-10-13,Madrid Barajas,0.50834879406308,0.633211678832117,29.5881261595547,21.4137165450122,8.17440961454257,0.938435940099834,1134.0,1110.7
20,2023-10-12,Madrid Barajas,0.737918215613383,0.819548872180451,12.589219330855,9.53261278195489,3.05660654890013,0.951557093425606,1096.0,1113.6
21,2023-10-11,Madrid Barajas,0.782374100719424,0.894454382826476,11.9694244604317,6.58911747167561,5.38030698875604,0.949096880131363,1156.0,1122.4
22,2023-10-10,Madrid Barajas,0.841300191204589,0.918095238095238,9.27651370299554,10.1413015873016,-0.864787884306049,0.962093862815884,1074.0,1120.9
23,2023-10-09,Madrid Barajas,0.857664233576642,0.881700554528651,8.48540145985401,8.68333333333333,-0.19793187347932,0.952861952861953,1121.0,1124.0
24,2023-10-08,Madrid Barajas,0.815551537070524,0.895412844036697,10.0723327305606,5.78241590214067,4.28991682841991,0.936065573770492,1132.0,1124.7
25,2023-10-07,Madrid Barajas,0.771653543307087,0.84108527131783,11.6791338582677,9.15032299741602,2.5288108608517,0.945945945945946,1062.0,1126.7
26,2023-10-06,Madrid Barajas,0.732974910394265,0.857651245551601,14.3333333333333,10.0514827995255,4.28185053380783,0.933224755700326,1154.0,1124.9
27,2023-10-05,Madrid Barajas,0.765765765765766,0.895017793594306,12.6612612612613,7.53024911032028,5.13101215094098,0.949346405228758,1158.0,1128.0
28,2023-10-04,Madrid Barajas,0.731531531531532,0.811151079136691,13.3711711711712,10.2752398081535,3.09593136301769,0.934640522875817,1145.0,1124.4
29,2023-10-03,Madrid Barajas,0.772388059701493,0.830188679245283,12.634328358209,12.380251572327,0.254076785881912,0.950086058519793,1096.0,1123.1
30,2023-10-02,Madrid Barajas,0.733576642335766,0.812386156648452,15.3558394160584,11.6276563448695,3.72818307118894,0.958974358974359,1126.0,1125.9
31,2023-10-01,Madrid Barajas,0.784029038112523,0.84,12.989110707804,11.9244545454545,1.06465616234945,0.956666666666667,1146.0,1123.4
32,2023-09-30,Madrid Barajas,0.788349514563107,0.870333988212181,12.5566666666667,6.95504256712508,5.60162409954158,0.965073529411765,1049.0,1119.1
33,2023-09-29,Madrid Barajas,0.785964912280702,0.87719298245614,12.7017543859649,8.53622807017544,4.16552631578947,0.934609250398724,1176.0,1121.3
34,2023-09-28,Madrid Barajas,0.802177858439201,0.893309222423146,13.4337568058076,7.30427968655817,6.12947711924945,0.965753424657534,1133.0,1122.7
35,2023-09-27,Madrid Barajas,0.802158273381295,0.844364937388193,10.9028776978417,8.64877757901014,2.25410011883159,0.967576791808874,1136.0,1124.0
36,2023-09-26,Madrid Barajas,0.794392523364486,0.861742424242424,11.7570093457944,7.94886363636364,3.80814570943076,0.949409780775717,1115.0,1129.3
37,2023-09-25,Madrid Barajas,0.801115241635688,0.870848708487085,13.4144981412639,11.6884686346863,1.72602950657759,0.947189097103918,1109.0,1129.0
38,2023-09-24,Madrid Barajas,0.836431226765799,0.883548983364141,10.7565055762082,9.47094886013555,1.28555671607263,0.952461799660441,1116.0,1132.4
39,2023-09-23,Madrid Barajas,0.808795411089866,0.884836852207294,12.6022944550669,9.09968010236724,3.50261435269968,0.94316163410302,1064.0,1134.3
40,2023-09-22,Madrid Barajas,0.662544169611307,0.775086505190311,16.8250883392226,14.0800749711649,2.74501336805768,0.952845528455284,1186.0,1134.4
41,2023-09-21,Madrid Barajas,0.666666666666667,0.722826086956522,16.4964157706093,13.5188103864734,2.97760538413589,0.961279461279461,1142.0,1133.9
42,2023-09-20,Madrid Barajas,0.724014336917563,0.779359430604982,16.3213261648746,14.0626334519573,2.25869271291726,0.921383647798742,1173.0,1135.9
43,2023-09-19,Madrid Barajas,0.733455882352941,0.795918367346939,18.3410539215686,12.0764378478664,6.26461607370221,0.949324324324324,1113.0,1135.7
44,2023-09-18,Madrid Barajas,0.65391621129326,0.712727272727273,17.471766848816,14.1755454545455,3.29622139427057,0.934210526315789,1133.0,1137.4
45,2023-09-17,Madrid Barajas,0.524953789279113,0.541743970315399,25.0652187307455,23.2334570191713,1.83176171157423,0.933993399339934,1129.0,1138.0
46,2023-09-16,Madrid Barajas,0.64367816091954,0.716242661448141,18.5555555555556,15.50485975212,3.05069580343553,0.946714031971581,1065.0,1138.4
47,2023-09-15,Madrid Barajas,0.462478184991274,0.643979057591623,30.934554973822,19.5349040139616,11.3996509598604,0.942307692307692,1182.0,1136.4
48,2023-09-14,Madrid Barajas,0.779569892473118,0.820738137082601,14.769982078853,10.1210603397774,4.64892173907566,0.956666666666667,1156.0,1136.1
49,2023-09-13,Madrid Barajas,0.741592920353982,0.812937062937063,14.5929203539823,10.6789335664336,3.91398678754874,0.951060358890701,1172.0,1135.6
50,2023-09-12,Madrid Barajas,0.701298701298701,0.767399267399267,15.8576376004947,13.5372710622711,2.32036653822368,0.962328767123288,1125.0,1134.1
51,2023-09-11,Madrid Barajas,0.722323049001815,0.797814207650273,14.3303085299456,11.4838797814208,2.84642874852479,0.953177257525084,1137.0,1136.0
52,2023-09-10,Madrid Barajas,0.692727272727273,0.751811594202899,18.2420303030303,13.4543780193237,4.78765228370663,0.957841483979764,1132.0,1138.9
53,2023-09-09,Madrid Barajas,0.697674418604651,0.746615087040619,18.6220930232558,16.1737266279819,2.44836639527387,0.951263537906137,1051.0,1134.9
54,2023-09-08,Madrid Barajas,0.760907504363002,0.812173913043478,14.1448516579407,12.3171884057971,1.82766325214356,0.951534733441034,1180.0,1137.3
55,2023-09-07,Madrid Barajas,0.693805309734513,0.779569892473118,16.4690265486726,12.3905913978495,4.0784351508231,0.956810631229236,1152.0,1132.4
56,2023-09-06,Madrid Barajas,0.729203539823009,0.841637010676157,15.3342182890855,10.2479833926453,5.08623489644023,0.946428571428571,1162.0,1131.4
57,2023-09-05,Madrid Barajas,0.755027422303474,0.786106032906764,16.2321755027422,15.543662400975,0.688513101767215,0.962457337883959,1138.0,1124.6
58,2023-09-04,Madrid Barajas,0.292639138240575,0.482758620689655,44.1597845601436,34.7385964912281,9.42118806891555,0.939935064935065,1157.0,1119.9
59,2023-09-03,Madrid Barajas,0.447761194029851,0.531954887218045,32.3694029850746,27.1987155388471,5.17068744622751,0.942567567567568,1104.0,1109.4
60,2023-09-02,Madrid Barajas,0.521988527724665,0.594174757281553,23.565965583174,21.1808090614887,2.38515652168532,0.939716312056738,1068.0,1104.0
61,2023-09-01,Madrid Barajas,0.712746858168761,0.761904761904762,16.4883303411131,12.2901098901099,4.19822045100321,0.943894389438944,1146.0,1099.7
62,2023-08-31,Madrid Barajas,0.760714285714286,0.85278276481149,12.1428571428571,6.57396768402154,5.5688894588356,0.96,1145.0,1097.3
63,2023-08-30,Madrid Barajas,0.709796672828096,0.813405797101449,16.3123844731978,10.6443236714976,5.6680608017002,0.961805555555556,1114.0,1093.1
64,2023-08-29,Madrid Barajas,0.774674115456238,0.845864661654135,12.3556797020484,7.51234335839599,4.84333634365243,0.969911504424779,1105.0,1090.3
65,2023-08-28,Madrid Barajas,0.735349716446125,0.784351145038168,15.1379962192817,13.2915712468193,1.84642497246233,0.939446366782007,1084.0,1085.4
66,2023-08-27,Madrid Barajas,0.578544061302682,0.663442940038685,26.0153256704981,24.4541263700838,1.56119930041427,0.96028880866426,1066.0,1088.6
67,2023-08-26,Madrid Barajas,0.593023255813954,0.62671905697446,21.0368217054264,20.7164047151277,0.320416990298654,0.966604823747681,1038.0,1090.9
68,2023-08-25,Madrid Barajas,0.660482374768089,0.681238615664845,20.0463821892393,17.245021250759,2.80136093848038,0.96695652173913,1129.0,1088.4
69,2023-08-24,Madrid Barajas,0.622262773722628,0.709259259259259,21.8485401459854,18.0919135802469,3.75662656573849,0.974048442906574,1116.0,1086.0
70,2023-08-23,Madrid Barajas,0.71003717472119,0.777981651376147,16.4144981412639,16.1359021406728,0.278596000591158,0.966192170818505,1094.0,1082.7
71,2023-08-22,Madrid Barajas,0.702857142857143,0.809885931558935,16.5752380952381,13.1132446134347,3.46199348180337,0.974499089253188,1071.0,1081.1
72,2023-08-21,Madrid Barajas,0.747680890538033,0.853658536585366,12.7588126159555,7.14549718574109,5.61331543021438,0.968858131487889,1106.0,1079.9
73,2023-08-20,Madrid Barajas,0.762357414448669,0.84280303030303,12.5684410646388,8.0978851010101,4.47055596362868,0.955908289241623,1082.0,1078.6
74,2023-08-19,Madrid Barajas,0.8,0.861167002012072,10.829702970297,7.38574782025486,3.44395515004217,0.964218455743879,1021.0,1078.1
75,2023-08-18,Madrid Barajas,0.722426470588235,0.815217391304348,13.6341911764706,10.8662741545894,2.76791702188122,0.975133214920071,1112.0,1080.7
76,2023-08-17,Madrid Barajas,0.715341959334566,0.833955223880597,14.0166358595194,8.75870646766169,5.25792939185772,0.968365553602812,1093.0,1082.1
77,2023-08-16,Madrid Barajas,0.732580037664783,0.803738317757009,14.5988700564972,11.6822118380062,2.91665821849094,0.971428571428571,1083.0,1083.7
78,2023-08-15,Madrid Barajas,0.774378585086042,0.821705426356589,14.9349904397706,10.2916666666667,4.64332377310389,0.958558558558559,1062.0,1086.9
79,2023-08-14,Madrid Barajas,0.772556390977444,0.850943396226415,13.6973684210526,8.51509433962264,5.18227408142999,0.973262032085562,1097.0,1087.9
80,2023-08-13,Madrid Barajas,0.75609756097561,0.865420560747663,13.5478424015009,8.16261682242991,5.38522557907103,0.962633451957295,1079.0,1089.7
81,2023-08-12,Madrid Barajas,0.801169590643275,0.854330708661417,11.1598440545809,8.24022309711286,2.91962095746804,0.968401486988848,1039.0,1092.6
82,2023-08-11,Madrid Barajas,0.750915750915751,0.877034358047016,15.2216117216117,6.75322483423749,8.46838688737423,0.965277777777778,1122.0,1089.7
83,2023-08-10,Madrid Barajas,0.680221811460259,0.86456400742115,16.5730129390018,7.57959183673469,8.99342110226716,0.968531468531469,1104.0,1090.9
84,2023-08-09,Madrid Barajas,0.688888888888889,0.824723247232472,16.1407407407407,9.83742312423124,6.3033176165095,0.964850615114236,1105.0,1093.6
85,2023-08-08,Madrid Barajas,0.715909090909091,0.816091954022989,16.0643939393939,10.1069284802043,5.9574654591896,0.969534050179211,1069.0,1091.6
86,2023-08-07,Madrid Barajas,0.733208955223881,0.857954545454545,14.0578358208955,11.0640782828283,2.99375753806724,0.965156794425087,1110.0,1096.4
87,2023-08-06,Madrid Barajas,0.738636363636364,0.833333333333333,13.1193181818182,11.8356376262626,1.28368055555556,0.950086058519793,1099.0,1096.0
88,2023-08-05,Madrid Barajas,0.74251497005988,0.796,16.3912175648703,14.3703666666667,2.02085089820359,0.963809523809524,1019.0,1093.4
89,2023-08-04,Madrid Barajas,0.727767695099818,0.841818181818182,15.3212341197822,8.75039393939394,6.57084018038828,0.957337883959044,1130.0,1095.1
90,2023-08-03,Madrid Barajas,0.693284936479129,0.813308687615527,15.7241379310345,9.59091189155884,6.13322603947564,0.957627118644068,1123.0,1097.7
91,2023-08-02,Madrid Barajas,0.612962962962963,0.804878048780488,19.3814814814815,10.3595684803002,9.02191300118129,0.954939341421144,1091.0,1101.7
92,2023-08-01,Madrid Barajas,0.68984962406015,0.82122905027933,17.312030075188,15.8828367473619,1.42919332782608,0.947735191637631,1103.0,1107.1
93,2023-07-31,Madrid Barajas,0.697761194029851,0.76865671641791,16.2779850746269,12.7240049751244,3.55398009950249,0.948542024013722,1107.0,1107.1
94,2023-07-30,Madrid Barajas,0.685393258426966,0.810964083175803,18.0393258426966,11.3304032766226,6.70892256607407,0.941176470588235,1081.0,1107.0
95,2023-07-29,Madrid Barajas,0.629191321499014,0.797619047619048,18.7218934911243,11.5543981481481,7.16749534297611,0.943223443223443,1031.0,1110.3
96,2023-07-28,Madrid Barajas,0.666068222621185,0.754545454545455,16.5350089766607,14.1832121212121,2.35179685544856,0.951907131011609,1148.0,1112.7
97,2023-07-27,Madrid Barajas,0.638489208633094,0.73021582733813,18.6402877697842,13.3963429256595,5.2439448441247,0.952691680261011,1151.0,1113.9
98,2023-07-26,Madrid Barajas,0.652727272727273,0.785321100917431,18.4018181818182,12.5490214067278,5.85279677509035,0.965635738831615,1129.0,1115.3
99,2023-07-25,Madrid Barajas,0.646067415730337,0.780075187969925,18.5348314606742,12.4732456140351,6.06158584663907,0.956672443674177,1103.0,1114.6
100,2023-07-24,Madrid Barajas,0.587476979742173,0.687732342007435,21.0277777777778,17.8860904584882,3.14168731928955,0.961871750433276,1106.0,1115.6
101,2023-07-23,Madrid Barajas,0.68342644320298,0.762616822429907,16.0540037243948,11.7533333333333,4.30067039106145,0.953448275862069,1104.0,1116.1
102,2023-07-22,Madrid Barajas,0.754420432220039,0.785992217898833,14.0805500982318,10.168093385214,3.91245671301782,0.964814814814815,1048.0,1116.3
103,2023-07-21,Madrid Barajas,0.635714285714286,0.723826714801444,20.6285714285714,14.9623947051745,5.66617672339694,0.949263502454992,1156.0,1114.3
104,2023-07-20,Madrid Barajas,0.615248226950355,0.732049036777583,19.0212765957447,14.7851430239346,4.23613357181006,0.956738768718802,1161.0,1115.0
105,2023-07-19,Madrid Barajas,0.696750902527076,0.752293577981651,16.6967509025271,13.8680733944954,2.82867750803166,0.952782462057336,1124.0,1111.0
106,2023-07-18,Madrid Barajas,0.640595903165736,0.739371534195933,19.3646492861577,14.0747997535428,5.28984953261484,0.953287197231834,1110.0,1112.7
107,2023-07-17,Madrid Barajas,0.668518518518519,0.73134328358209,20.3574074074074,13.3345460199005,7.02286138750691,0.957044673539519,1110.0,1112.0
108,2023-07-16,Madrid Barajas,0.665413533834586,0.703703703703704,19.5639097744361,14.8630864197531,4.700823354683,0.943396226415094,1105.0,1114.7
109,2023-07-15,Madrid Barajas,0.654970760233918,0.718811881188119,17.8869395711501,14.7339933993399,3.15294617181016,0.923623445825932,1034.0,1118.3
110,2023-07-14,Madrid Barajas,0.578207381370826,0.702317290552585,21.4340949033392,16.2210635769459,5.21303132639326,0.94281045751634,1161.0,1120.3
111,2023-07-13,Madrid Barajas,0.691335740072202,0.800718132854578,17.1696750902527,11.8514661879114,5.31820890234128,0.946577629382304,1133.0,1121.0
112,2023-07-12,Madrid Barajas,0.579322638146168,0.72463768115942,22.6904931669638,17.0871376811594,5.60335548580434,0.945812807881773,1136.0,1126.1
113,2023-07-11,Madrid Barajas,0.623836126629423,0.75,19.3399441340782,13.9919507575758,5.34799337650245,0.958188153310105,1105.0,1125.3
114,2023-07-10,Madrid Barajas,0.675229357798165,0.806159420289855,17.0293577981651,11.9275060386473,5.10185175951779,0.952622673434856,1129.0,1123.4
115,2023-07-09,Madrid Barajas,0.669117647058823,0.762340036563071,17.2385723039216,13.0962218159659,4.14235048795569,0.954081632653061,1130.0,1121.4
116,2023-07-08,Madrid Barajas,0.713450292397661,0.75,17.1013645224172,17.6112955729167,-0.509931050499514,0.954545454545455,1048.0,1117.0
117,2023-07-07,Madrid Barajas,0.574204946996467,0.660211267605634,20.6773851590106,18.8969776995305,1.78040745948008,0.946341463414634,1166.0,1116.9
118,2023-07-06,Madrid Barajas,0.599647266313933,0.70304114490161,19.975367430923,14.4082886106142,5.56707882030879,0.927444794952681,1169.0,1113.1
119,2023-07-05,Madrid Barajas,0.594890510948905,0.729090909090909,22.3245133819951,18.5311818181818,3.79333156381332,0.933665008291874,1130.0,1106.3
120,2023-07-04,Madrid Barajas,0.722433460076046,0.823076923076923,15.4827946768061,9.81817307692308,5.66462159988301,0.933447098976109,1092.0,1106.3
121,2023-07-03,Madrid Barajas,0.562043795620438,0.671614100185529,23.2652676399027,16.110791589363,7.15447605053966,0.952542372881356,1115.0,1107.3
122,2023-07-02,Madrid Barajas,0.709193245778612,0.788785046728972,16.9553470919325,14.4442990654206,2.5110480265119,0.938250428816466,1099.0,1103.1
123,2023-07-01,Madrid Barajas,0.69921875,0.805168986083499,17.5831705729167,11.5273028495693,6.05586772334742,0.91768826619965,1047.0,1098.0
124,2023-06-30,Madrid Barajas,0.624548736462094,0.702752293577982,22.3856799037304,18.7222935779817,3.66338632574879,0.924193548387097,1140.0,1095.9
125,2023-06-29,Madrid Barajas,0.578849721706865,0.727777777777778,22.9422077922078,19.5812037037037,3.36100408850409,0.931438127090301,1121.0,1093.0
126,2023-06-28,Madrid Barajas,0.597826086956522,0.742592592592592,23.7188405797101,16.3071296296296,7.41171095008052,0.926590538336052,1130.0,1090.7
127,2023-06-27,Madrid Barajas,0.662264150943396,0.783681214421252,22.7268238993711,18.0581593927894,4.6686645065817,0.930508474576271,1099.0,1091.3
128,2023-06-26,Madrid Barajas,0.725233644859813,0.832699619771863,15.7383177570093,9.65358048162231,6.08473727538704,0.938037865748709,1086.0,1087.1
129,2023-06-25,Madrid Barajas,0.715648854961832,0.754826254826255,16.9645038167939,14.4044723294723,2.56003148732156,0.924137931034483,1063.0,1090.0
130,2023-06-24,Madrid Barajas,0.698,0.767857142857143,17.7198666666667,12.9873015873016,4.73256507936508,0.923774954627949,1032.0,1092.6
131,2023-06-23,Madrid Barajas,0.645756457564576,0.773062730627306,20.5393603936039,15.5491697416974,4.99019065190652,0.930116472545757,1120.0,1093.6
132,2023-06-22,Madrid Barajas,0.675373134328358,0.726930320150659,17.0410447761194,14.1000941619586,2.94095061416083,0.923460898502496,1105.0,1096.1
133,2023-06-21,Madrid Barajas,0.490808823529412,0.635185185185185,28.8717218137255,18.3763580246914,10.4953637890341,0.931034482758621,1134.0,1097.7
134,2023-06-20,Madrid Barajas,0.668627450980392,0.695481335952849,19.7121895424837,18.1869024230517,1.52528711943193,0.914236706689537,1070.0,1092.3
135,2023-06-19,Madrid Barajas,0.51219512195122,0.544401544401544,26.9664477798624,29.1660553410553,-2.19960756119293,0.917491749174917,1106.0,1091.9
136,2023-06-18,Madrid Barajas,0.530769230769231,0.580340264650284,28.5273076923077,25.8723377441714,2.6549699481363,0.919795221843003,1081.0,1089.7
137,2023-06-17,Madrid Barajas,0.630522088353414,0.740518962075848,20.3313253012048,13.7652361942781,6.56608910692671,0.934782608695652,1039.0,1088.1
138,2023-06-16,Madrid Barajas,0.729433272394881,0.793357933579336,14.7294332723949,12.9885916359164,1.74084163647852,0.943615257048093,1138.0,1083.3
139,2023-06-15,Madrid Barajas,0.752808988764045,0.815298507462687,13.0411985018727,9.03911691542289,4.00208158644977,0.941275167785235,1116.0,1082.4
140,2023-06-14,Madrid Barajas,0.722846441947566,0.822641509433962,13.2135143570537,9.38738993710692,3.82612441994676,0.93526405451448,1096.0,1079.0
141,2023-06-13,Madrid Barajas,0.608527131782946,0.660194174757282,18.9422480620155,15.2169579288026,3.72529013321292,0.92695652173913,1067.0,1080.0
142,2023-06-12,Madrid Barajas,0.681132075471698,0.734615384615385,16.9924528301887,15.5950961538462,1.39735667634253,0.94636678200692,1091.0,1074.9
143,2023-06-11,Madrid Barajas,0.657088122605364,0.737354085603113,18.5670498084291,15.2431258106355,3.32392399779358,0.94107452339688,1070.0,1073.4
144,2023-06-10,Madrid Barajas,0.751012145748988,0.793877551020408,13.9026315789474,9.73942176870748,4.16320981023988,0.941838649155722,1005.0,1069.3
145,2023-06-09,Madrid Barajas,0.608775137111517,0.710669077757685,18.868281535649,15.0605786618445,3.80770287380451,0.940099833610649,1132.0,1073.1
146,2023-06-08,Madrid Barajas,0.704198473282443,0.738721804511278,15.4198473282443,13.9687656641604,1.45108166408387,0.964093357271095,1092.0,1069.7
147,2023-06-07,Madrid Barajas,0.586715867158672,0.731707317073171,19.070110701107,16.2773295809881,2.7927811201189,0.948364888123924,1103.0,1071.0
148,2023-06-06,Madrid Barajas,0.651302605210421,0.723790322580645,18.1049432197729,15.6627352150538,2.44220800471911,0.925,1031.0,1075.0
149,2023-06-05,Madrid Barajas,0.664772727272727,0.804971319311664,16.8816287878788,11.995793499044,4.88583528883481,0.957597173144876,1081.0,1081.4
150,2023-06-04,Madrid Barajas,0.73385518590998,0.784,14.8118395303327,12.0090666666667,2.80277286366601,0.924561403508772,1041.0,1079.0
151,2023-06-03,Madrid Barajas,0.682730923694779,0.781312127236581,18.5602409638554,12.927070907886,5.6331700559694,0.96969696969697,1032.0,1080.4
152,2023-06-02,Madrid Barajas,0.662337662337662,0.71939736346516,18.2589672232529,14.9524795982423,3.30648762501063,0.942078364565588,1108.0,1078.6
153,2023-06-01,Madrid Barajas,0.549242424242424,0.688191881918819,31.1950757575758,19.2210332103321,11.9740425472437,0.936752136752137,1101.0,1077.0
154,2023-05-31,Madrid Barajas,0.692028985507246,0.749539594843462,17.8079710144928,15.8887047268263,1.91926628766648,0.961214165261383,1131.0,1071.7
155,2023-05-30,Madrid Barajas,0.66015625,0.820866141732283,17.3283528645833,9.70239501312336,7.62595785145997,0.959074733096085,1076.0,1069.1
156,2023-05-29,Madrid Barajas,0.608863198458574,0.754826254826255,23.1831727681439,14.6879665379665,8.49520623017733,0.941592920353982,1064.0,1067.6
157,2023-05-28,Madrid Barajas,0.751937984496124,0.813725490196078,14.6377583979328,10.0046732026144,4.63308519531844,0.961818181818182,1051.0,1070.0
158,2023-05-27,Madrid Barajas,0.720408163265306,0.791497975708502,15.6510204081633,12.095681511471,3.55533889669228,0.967495219885277,1019.0,1074.0
159,2023-05-26,Madrid Barajas,0.616257088846881,0.753759398496241,20.6667926906112,16.3193609022556,4.34743178835558,0.96113074204947,1097.0,1074.4
160,2023-05-25,Madrid Barajas,0.585271317829457,0.723282442748092,25.9320736434109,16.0098918575064,9.92218178590449,0.941281138790036,1064.0,1073.0
161,2023-05-24,Madrid Barajas,0.720073664825046,0.823091247672253,13.7540822590546,9.94099937926754,3.8130828797871,0.960138648180243,1113.0,1076.6
162,2023-05-23,Madrid Barajas,0.765957446808511,0.833976833976834,12.0116054158607,9.62799227799228,2.38361313786846,0.953571428571429,1065.0,1074.4
163,2023-05-22,Madrid Barajas,0.756143667296786,0.793436293436293,15.3893509766856,11.3932432432432,3.99610773344233,0.947460595446585,1081.0,1075.3
164,2023-05-21,Madrid Barajas,0.655430711610487,0.768339768339768,18.4460362047441,14.9977477477477,3.44828845699632,0.951304347826087,1079.0,1073.7
165,2023-05-20,Madrid Barajas,0.734939759036145,0.879207920792079,12.5882530120482,6.86815181518152,5.72010119686668,0.962049335863378,1022.0,1071.1
166,2023-05-19,Madrid Barajas,0.787476280834915,0.849523809523809,11.4513915243517,8.19784126984127,3.25355025451041,0.951048951048951,1087.0,1070.6
167,2023-05-18,Madrid Barajas,0.822975517890772,0.897388059701493,8.71443816698054,4.80223880597015,3.91219936101039,0.966010733452594,1089.0,1075.4
168,2023-05-17,Madrid Barajas,0.75139146567718,0.834896810506567,13.0403215831787,8.39590368980613,4.6444178933726,0.95840554592721,1098.0,1078.3
169,2023-05-16,Madrid Barajas,0.831067961165049,0.865497076023392,8.97669902912621,6.7224171539961,2.25428187513011,0.956989247311828,1071.0,1083.6
170,2023-05-15,Madrid Barajas,0.804597701149425,0.852713178294574,11.3639846743295,8.39244186046512,2.97154281386439,0.96229802513465,1070.0,1091.0
171,2023-05-14,Madrid Barajas,0.815028901734104,0.888888888888889,10.3699421965318,6.19889538661468,4.17104680991711,0.955277280858676,1061.0,1095.3
172,2023-05-13,Madrid Barajas,0.762575452716298,0.850505050505051,12.1951710261569,7.6137037037037,4.58146732245324,0.960302457466919,1018.0,1095.3
173,2023-05-12,Madrid Barajas,0.688073394495413,0.771799628942486,16.1449541284404,12.4897959183673,3.65515821007302,0.953924914675768,1121.0,1094.9
174,2023-05-11,Madrid Barajas,0.773831775700935,0.845724907063197,12.2897196261682,7.66508674101611,4.62463288515212,0.953528399311532,1109.0,1090.7
175,2023-05-10,Madrid Barajas,0.724199288256228,0.827522935779817,14.1085409252669,8.9968501529052,5.11169077236171,0.944715447154472,1135.0,1087.9
176,2023-05-09,Madrid Barajas,0.791044776119403,0.828996282527881,12.6417910447761,9.48986988847584,3.15192115630028,0.948364888123924,1123.0,1082.4
177,2023-05-08,Madrid Barajas,0.759328358208955,0.862003780718336,13.3078358208955,8.12296786389414,5.18486795700138,0.947008547008547,1100.0,1072.4
178,2023-05-07,Madrid Barajas,0.785714285714286,0.848249027237354,10.6872586872587,9.95369649805447,0.733562189204212,0.956756756756757,1061.0,1058.9
179,2023-05-06,Madrid Barajas,0.709090909090909,0.82565130260521,14.7535353535354,8.75036740146961,6.00316795206575,0.952919020715631,1015.0,1055.4
180,2023-05-05,Madrid Barajas,0.740952380952381,0.833017077798861,12.9771428571429,9.06220746363061,3.91493539351224,0.949211908931699,1092.0,1055.7
181,2023-05-04,Madrid Barajas,0.723364485981308,0.819548872180451,16.592523364486,11.827537593985,4.76498577050102,0.961199294532628,1089.0,1063.6
182,2023-05-03,Madrid Barajas,0.787709497206704,0.878095238095238,10.7824643078833,6.83444444444444,3.94801986343886,0.950342465753425,1097.0,1064.3
183,2023-05-02,Madrid Barajas,0.786,0.873767258382643,10.01,5.85180802103879,4.15819197896121,0.923487544483986,1053.0,1065.6
184,2023-05-01,Madrid Barajas,0.618181818181818,0.716632443531827,21.2121212121212,14.729363449692,6.48275776242922,0.889667250437828,1005.0,1064.0
185,2023-04-30,Madrid Barajas,0.7265625,0.816367265469062,13.064453125,10.0595475715236,3.00490555347638,0.956124314442413,1037.0,1074.7
186,2023-04-29,Madrid Barajas,0.712550607287449,0.747454175152749,14.0748987854251,11.1088934147997,2.96600537062537,0.963740458015267,1017.0,1076.7
187,2023-04-28,Madrid Barajas,0.657509157509158,0.713248638838476,16.6926434676435,16.7022686025408,-0.00962513489736594,0.951260504201681,1147.0,1077.0
188,2023-04-27,Madrid Barajas,0.726591760299625,0.807763401109057,16.4737827715356,10.2278804682686,6.24590230326694,0.964539007092199,1094.0,1066.7
189,2023-04-26,Madrid Barajas,0.647058823529412,0.786516853932584,15.5569852941176,9.95605493133583,5.60093036278182,0.971929824561404,1106.0,1063.3
190,2023-04-25,Madrid Barajas,0.760314341846758,0.846003898635478,13.6920432220039,8.16640675763483,5.5256364643691,0.961111111111111,1042.0,1060.9
191,2023-04-24,Madrid Barajas,0.711832061068702,0.747609942638623,14.8778625954198,15.5231994901211,-0.645336894701249,0.95929203539823,1080.0,1062.0
192,2023-04-23,Madrid Barajas,0.72147001934236,0.714285714285714,15.2823984526112,13.9237442922374,1.35865416037378,0.941696113074205,1051.0,1061.6
193,2023-04-22,Madrid Barajas,0.725609756097561,0.724346076458752,16.4288617886179,15.0230717639168,1.40579002470105,0.954971857410882,1019.0,1059.1
194,2023-04-21,Madrid Barajas,0.650671785028791,0.669847328244275,20.616122840691,21.365203562341,-0.749080721649989,0.951526032315979,1075.0,1054.0
195,2023-04-20,Madrid Barajas,0.728846153846154,0.791271347248577,15.3797435897436,11.3284946236559,4.05124896608768,0.939929328621908,1070.0,1059.1
196,2023-04-19,Madrid Barajas,0.747191011235955,0.787819253438114,12.864950062422,11.5255402750491,1.33940978737286,0.964539007092199,1089.0,1060.9
197,2023-04-18,Madrid Barajas,0.805447470817121,0.834307992202729,11.784046692607,9.96845354126056,1.81559315134645,0.943942133815551,1050.0,1062.9
198,2023-04-17,Madrid Barajas,0.796545105566219,0.825670498084291,10.9865642994242,11.3281928480204,-0.341628548596249,0.950704225352113,1077.0,1064.6
199,2023-04-16,Madrid Barajas,0.789980732177264,0.820717131474104,11.8439306358382,10.5137782204515,1.33015241538662,0.949640287769784,1034.0,1067.9
200,2023-04-15,Madrid Barajas,0.782157676348548,0.809426229508197,12.5124481327801,13.8452868852459,-1.33283875246582,0.951267056530214,983.0,1073.9
201,2023-04-14,Madrid Barajas,0.714548802946593,0.786915887850467,15.5829650092081,13.2440498442368,2.33891516497134,0.945578231292517,1111.0,1075.1
202,2023-04-13,Madrid Barajas,0.656488549618321,0.667296786389414,19.1965648854962,16.5230308758664,2.67353400962977,0.926243567753002,1082.0,1060.0
203,2023-04-12,Madrid Barajas,0.733583489681051,0.705440900562852,15.8639462163852,15.2947467166979,0.569199499687304,0.92436974789916,1103.0,1047.1
204,2023-04-11,Madrid Barajas,0.757751937984496,0.759295499021526,12.531007751938,12.7173842139596,-0.186376462021572,0.928446771378709,1062.0,1041.6
205,2023-04-10,Madrid Barajas,0.837121212121212,0.838150289017341,10.5113636363636,8.93220937700706,1.57915425935657,0.92396694214876,1100.0,1034.0
206,2023-04-09,Madrid Barajas,0.80859375,0.832046332046332,10.037109375,7.79086229086229,2.24624708413771,0.93205574912892,1076.0,1023.9
207,2023-04-08,Madrid Barajas,0.82952182952183,0.849173553719008,10.3180873180873,11.1220041322314,-0.803916814144086,0.928436911487759,992.0,1012.4
208,2023-04-07,Madrid Barajas,0.873983739837398,0.878600823045268,8.21544715447154,7.32695473251029,0.888492421961256,0.942164179104478,1005.0,1018.0
209,2023-04-06,Madrid Barajas,0.695652173913043,0.723926380368098,15.5734989648033,13.5484321745058,2.02506679029752,0.91588785046729,992.0,1032.1
210,2023-04-05,Madrid Barajas,0.695906432748538,0.740667976424361,16.4522417153996,19.7099869024231,-3.25774518702344,0.937943262411348,1064.0,1044.3
211,2023-04-04,Madrid Barajas,0.737270875763747,0.783950617283951,15.3220638153428,13.7994855967078,1.52257821863502,0.933333333333333,1009.0,1045.7
212,2023-04-03,Madrid Barajas,0.730314960629921,0.765873015873016,14.6591207349081,13.1772156084656,1.48190512644253,0.926391382405745,1029.0,1051.1
213,2023-04-02,Madrid Barajas,0.665983606557377,0.712809917355372,19.1434426229508,17.7058539944904,1.43758862846046,0.922509225092251,996.0,1046.7
214,2023-04-01,Madrid Barajas,0.531746031746032,0.57979797979798,24.9801587301587,24.9781481481481,0.00201058201058402,0.910526315789474,1031.0,1049.7
215,2023-03-31,Madrid Barajas,0.572778827977316,0.540076335877863,21.5691871455577,23.4273218829517,-1.858134737394,0.919866444073456,1104.0,1040.9
216,2023-03-30,Madrid Barajas,0.626692456479691,0.620037807183365,19.2185686653772,18.8762444864524,0.342324178924752,0.939929328621908,1077.0,1034.1
217,2023-03-29,Madrid Barajas,0.583173996175908,0.697265625,18.5583173996176,16.6192057291667,1.93911167045092,0.913996627318718,1074.0,1024.7
218,2023-03-28,Madrid Barajas,0.624254473161034,0.719123505976096,18.7415506958251,17.4624833997344,1.27906729609066,0.928571428571429,1047.0,1010.9
219,2023-03-27,Madrid Barajas,0.665987780040733,0.708245243128964,20.0672097759674,24.4071881606765,-4.33997838470912,0.88,998.0,1001.3
220,2023-03-26,Madrid Barajas,0.489837398373984,0.476190476190476,27.1646341463415,33.4243271221532,-6.25969297581175,0.907637655417407,1017.0,1008.0
221,2023-03-25,Madrid Barajas,0.589247311827957,0.6553911205074,22.0283870967742,18.1110641296688,3.91732296710541,0.924710424710425,969.0,1007.1
222,2023-03-24,Madrid Barajas,0.507874015748031,0.591796875,28.4682086614173,22.3147786458333,6.15343001558399,0.917832167832168,1057.0,1005.6
223,2023-03-23,Madrid Barajas,0.66734693877551,0.699386503067485,17.5706462585034,15.2327539195637,2.33789233893967,0.923636363636364,1011.0,1004.9
224,2023-03-22,Madrid Barajas,0.777777777777778,0.8,12.4846960167715,10.3164236111111,2.16827240566038,0.936538461538462,977.0,1007.0
225,2023-03-21,Madrid Barajas,0.817796610169491,0.86411889596603,10.7888418079096,9.52186836518047,1.26697344272914,0.93168880455408,980.0,1009.3
226,2023-03-20,Madrid Barajas,0.76,0.801204819277108,13.7318333333333,10.1500334672021,3.58179986613119,0.923758865248227,1045.0,1009.7
227,2023-03-19,Madrid Barajas,0.833667334669339,0.843373493975904,9.95310621242485,8.47222222222222,1.48088399020263,0.958801498127341,1011.0,1008.4
228,2023-03-18,Madrid Barajas,0.798283261802575,0.841437632135307,10.5478898426323,10.4857998590557,0.0620899835766586,0.963340122199593,958.0,1002.9
229,2023-03-17,Madrid Barajas,0.697265625,0.694444444444444,13.874609375,14.6369047619048,-0.762295386904762,0.913793103448276,1052.0,996.1
230,2023-03-16,Madrid Barajas,0.750996015936255,0.816532258064516,13.9123505976096,11.6469422043011,2.26540839330849,0.936823104693141,1026.0,992.1
231,2023-03-15,Madrid Barajas,0.686440677966102,0.746861924686193,14.8143008474576,12.9586122733612,1.8556885740964,0.912801484230056,993.0,984.9
232,2023-03-14,Madrid Barajas,0.769722814498934,0.824380165289256,12.4434968017058,10.8396694214876,1.60382738021815,0.947058823529412,983.0,978.3
233,2023-03-13,Madrid Barajas,0.574803149606299,0.587268993839836,25.4566929133858,25.0467830253251,0.409909888060707,0.933810375670841,1036.0,975.7
234,2023-03-12,Madrid Barajas,0.641237113402062,0.674468085106383,18.9154639175258,17.2780496453901,1.6374142721357,0.918968692449355,972.0,975.7
235,2023-03-11,Madrid Barajas,0.562076749435666,0.588366890380313,21.2234762979684,22.041163310962,-0.817687012993574,0.91260162601626,911.0,983.9
236,2023-03-10,Madrid Barajas,0.566,0.590725806451613,23.758,22.5259744623656,1.23202553763441,0.905357142857143,1024.0,991.3
237,2023-03-09,Madrid Barajas,0.559748427672956,0.578512396694215,22.0859538784067,20.6252066115702,1.46074726683646,0.911985018726592,975.0,997.3
238,2023-03-08,Madrid Barajas,0.612554112554113,0.572052401746725,23.2337662337662,22.1882823871907,1.04548384657555,0.889097744360902,947.0,1002.7
239,2023-03-07,Madrid Barajas,0.730603448275862,0.780645161290323,14.8069683908046,12.4192831541219,2.38768523668273,0.884403669724771,965.0,1011.6
240,2023-03-06,Madrid Barajas,0.764356435643564,0.803571428571429,13.0534653465347,10.5348214285714,2.51864391796322,0.923623445825932,1036.0,1015.0
241,2023-03-05,Madrid Barajas,0.791252485089463,0.82520325203252,13.5825049701789,10.8596883468835,2.72281662329546,0.944344703770198,1029.0,1019.4
242,2023-03-04,Madrid Barajas,0.774403470715835,0.820675105485232,11.648590021692,8.73853727144866,2.91005275024331,0.931237721021611,963.0,1017.3
243,2023-03-03,Madrid Barajas,0.771760154738878,0.810606060606061,12.3829787234043,10.1695391414141,2.21343958199011,0.924956369982548,1066.0,1017.9
244,2023-03-02,Madrid Barajas,0.806910569105691,0.829268292682927,10.1910569105691,8.61876693766938,1.57228997289973,0.954716981132075,1013.0,1019.0
245,2023-03-01,Madrid Barajas,0.78989898989899,0.850505050505051,12.2121212121212,7.5326936026936,4.67942760942761,0.956439393939394,1009.0,1020.6
246,2023-02-28,Madrid Barajas,0.812371134020619,0.863354037267081,10.7814432989691,6.66645962732919,4.11498367163988,0.959302325581395,989.0,1020.6
247,2023-02-27,Madrid Barajas,0.803468208092486,0.856031128404669,12.3005780346821,8.25985732814527,4.04072070653682,0.946714031971581,1067.0,1021.7
248,2023-02-26,Madrid Barajas,0.73,0.755102040816326,14.502,12.6457823129252,1.85621768707483,0.942909760589319,1014.0,1023.1
249,2023-02-25,Madrid Barajas,0.784017278617711,0.843881856540084,11.3434125269978,11.1069268635724,0.236485663425407,0.971370143149284,967.0,1022.1
250,2023-02-24,Madrid Barajas,0.669865642994242,0.756238003838771,17.5762316058861,16.0137875879718,1.56244401791427,0.959001782531194,1074.0,1021.4
251,2023-02-23,Madrid Barajas,0.669338677354709,0.723865877712031,16.2815631262525,13.8982905982906,2.38327252796191,0.958490566037736,1024.0,1017.7
252,2023-02-22,Madrid Barajas,0.744421906693712,0.815040650406504,14.409939148073,10.5990853658537,3.81085378221936,0.962121212121212,1009.0,1010.7
253,2023-02-21,Madrid Barajas,0.713414634146341,0.852156057494867,12.4236788617886,8.054893908282,4.36878495350662,0.952380952380952,997.0,1005.9
254,2023-02-20,Madrid Barajas,0.783783783783784,0.837890625,11.9868082368082,8.21412760416667,3.77268063264157,0.942307692307692,1077.0,1001.3
255,2023-02-19,Madrid Barajas,0.788187372708758,0.836438923395445,10.6763068567549,7.46670117322291,3.20960568353201,0.947761194029851,1007.0,993.0
256,2023-02-18,Madrid Barajas,0.741794310722101,0.802150537634409,14.2407002188184,10.7593548387097,3.4813453801087,0.96319018404908,962.0,990.9
257,2023-02-17,Madrid Barajas,0.719367588932806,0.78252427184466,15.8225955204216,10.4716181229773,5.35097739744426,0.907986111111111,1048.0,984.7
258,2023-02-16,Madrid Barajas,0.621848739495798,0.702991452991453,19.686974789916,15.5681623931624,4.11881239675357,0.944015444015444,975.0,982.3
259,2023-02-15,Madrid Barajas,0.747390396659708,0.858947368421053,12.1862212943633,8.33943859649123,3.84678269787203,0.947572815533981,975.0,984.6
260,2023-02-14,Madrid Barajas,0.845010615711253,0.895744680851064,10.8577494692144,5.76156028368794,5.09618918552649,0.951171875,965.0,981.0
261,2023-02-13,Madrid Barajas,0.776209677419355,0.825301204819277,12.6586693548387,9.76763721552878,2.89103213930993,0.951492537313433,1019.0,972.6
262,2023-02-12,Madrid Barajas,0.814663951120163,0.865263157894737,10.7617107942974,6.95747368421053,3.80423711008683,0.952651515151515,992.0,972.9
263,2023-02-11,Madrid Barajas,0.763919821826281,0.818777292576419,13.1536748329621,11.7215429403202,1.43213189264191,0.957894736842105,919.0,970.4
264,2023-02-10,Madrid Barajas,0.857425742574257,0.888446215139442,8.90693069306931,5.62001992031873,3.28691077275058,0.948529411764706,1031.0,973.6
265,2023-02-09,Madrid Barajas,0.921325051759834,0.905544147843943,5.66252587991718,5.22710472279261,0.435421157124576,0.960861056751468,991.0,974.7
266,2023-02-08,Madrid Barajas,0.870488322717622,0.928879310344828,7.50955414012739,4.96070402298851,2.54885011713888,0.961923847695391,950.0,973.9
267,2023-02-07,Madrid Barajas,0.843181818181818,0.885964912280702,10.6808712121212,8.27361111111111,2.4072601010101,0.915637860082305,906.0,976.3
268,2023-02-06,Madrid Barajas,0.847870182555781,0.880566801619433,7.7079107505071,5.61707152496626,2.09083922554084,0.967741935483871,1021.0,977.1
269,2023-02-05,Madrid Barajas,0.847736625514403,0.905982905982906,10.8729080932785,5.47222222222222,5.40068587105624,0.965250965250965,975.0,975.4
270,2023-02-04,Madrid Barajas,0.844444444444444,0.883620689655172,10.22,9.41354166666667,0.806458333333333,0.974630021141649,941.0,975.7
271,2023-02-03,Madrid Barajas,0.81547619047619,0.876984126984127,9.44252645502645,7.42748015873016,2.0150462962963,0.954128440366973,1039.0,968.0
272,2023-02-02,Madrid Barajas,0.869473684210526,0.916317991631799,8.88631578947368,6.97782426778243,1.90849152169126,0.964912280701754,985.0,966.3
273,2023-02-01,Madrid Barajas,0.884861407249467,0.911447084233261,7.66950959488273,5.23473722102232,2.43477237386041,0.952941176470588,967.0,966.1
274,2023-01-31,Madrid Barajas,0.832199546485261,0.890625,9.78110355253212,7.04263392857143,2.7384696239607,0.924643584521385,912.0,963.0
275,2023-01-30,Madrid Barajas,0.808247422680412,0.853061224489796,9.28027491408935,6.80605442176871,2.47422049232064,0.956273764258555,1009.0,970.1
276,2023-01-29,Madrid Barajas,0.768421052631579,0.810869565217391,12.3621052631579,10.0988043478261,2.26330091533181,0.94980694980695,977.0,968.4
277,2023-01-28,Madrid Barajas,0.423255813953488,0.593181818181818,47.753488372093,34.3974242424242,13.3560641296688,0.948275862068966,887.0,969.0
278,2023-01-27,Madrid Barajas,0.783300198807157,0.798,13.6205765407555,9.52613333333333,4.09444320742213,0.948529411764706,1027.0,976.0
279,2023-01-26,Madrid Barajas,0.856540084388186,0.855670103092783,8.08438818565401,9.12577319587629,-1.04138501022228,0.974,984.0,978.7
280,2023-01-25,Madrid Barajas,0.805555555555556,0.876923076923077,11.4853988603989,6.70545787545788,4.77994098494098,0.958,945.0,975.6
281,2023-01-24,Madrid Barajas,0.856531049250535,0.897216274089936,8.48394004282655,5.49250535331906,2.99143468950749,0.960159362549801,962.0,975.3
282,2023-01-23,Madrid Barajas,0.853002070393375,0.873706004140787,7.77432712215321,6.77408557625949,1.00024154589372,0.953934740882918,997.0,972.6
283,2023-01-22,Madrid Barajas,0.805725971370143,0.827956989247312,9.88343558282209,8.0963082437276,1.78712733909449,0.945590994371482,981.0,974.0
284,2023-01-21,Madrid Barajas,0.817777777777778,0.853763440860215,9.89111111111111,7.83831541218638,2.05279569892473,0.968287526427061,936.0,973.1
285,2023-01-20,Madrid Barajas,0.776892430278885,0.818181818181818,11.7609561752988,8.66893939393939,3.09201678135941,0.938628158844765,1046.0,971.7
286,2023-01-19,Madrid Barajas,0.722707423580786,0.776824034334764,13.9039301310044,11.6359442060086,2.26798592499578,0.909961685823755,962.0,969.4
287,2023-01-18,Madrid Barajas,0.778260869565217,0.821505376344086,11.9022826086957,8.98283154121864,2.91945106747701,0.946322067594433,943.0,972.3
288,2023-01-17,Madrid Barajas,0.793028322440087,0.837719298245614,12.00116194626,10.2352704678363,1.76589147842373,0.945454545454545,943.0,975.7
289,2023-01-16,Madrid Barajas,0.718367346938775,0.705154639175258,13.43,13.586116838488,-0.156116838487973,0.958490566037736,1007.0,980.1
290,2023-01-15,Madrid Barajas,0.759336099585062,0.779697624190065,13.2149031811895,9.57257019438445,3.64233298680504,0.959223300970874,975.0,984.1
291,2023-01-14,Madrid Barajas,0.875278396436526,0.912280701754386,7.10690423162584,6.14853801169591,0.958366219929928,0.976394849785408,926.0,991.6
292,2023-01-13,Madrid Barajas,0.85515873015873,0.88,8.29771825396825,7.1648,1.13291825396825,0.953271028037383,1030.0,995.4
293,2023-01-12,Madrid Barajas,0.877637130801688,0.881496881496881,7.17299578059072,6.00512820512821,1.16786757546251,0.964705882352941,982.0,992.9
294,2023-01-11,Madrid Barajas,0.850107066381156,0.923566878980892,8.58672376873662,4.3378627034678,4.24886106526882,0.956349206349206,967.0,997.3
295,2023-01-10,Madrid Barajas,0.860813704496788,0.919661733615222,9.1220556745182,5.18572938689218,3.93632628762602,0.96039603960396,974.0,1002.3
296,2023-01-09,Madrid Barajas,0.775590551181102,0.83201581027668,11.738188976378,9.51307641633729,2.22511256004067,0.962962962962963,1035.0,1003.4
297,2023-01-08,Madrid Barajas,0.481927710843373,0.619144602851324,21.1200133868809,16.3131704005431,4.80684298633775,0.957407407407407,1027.0,1001.4
298,2023-01-07,Madrid Barajas,0.699360341151386,0.726086956521739,15.1200071073205,13.7436956521739,1.37631145514663,0.961693548387097,953.0,986.7
299,2023-01-06,Madrid Barajas,0.818548387096774,0.867886178861789,10.1491935483871,7.86690379403794,2.28228975434916,0.942592592592593,1012.0,972.3
300,2023-01-05,Madrid Barajas,0.829959514170041,0.890219560878243,8.5668016194332,6.62744510978044,1.93935650965276,0.967181467181467,1013.0,976.1
301,2023-01-04,Madrid Barajas,0.79959100204499,0.896969696969697,9.44376278118609,6.11121212121212,3.33255065997397,0.963320463320463,1002.0,975.9
302,2023-01-03,Madrid Barajas,0.83125,0.871101871101871,8.97916666666667,9.86722106722107,-0.888054400554401,0.932075471698113,982.0,976.9
303,2023-01-02,Madrid Barajas,0.702380952380952,0.748987854251012,14.8194444444444,12.0587719298246,2.76067251461988,0.941499085923218,1021.0,972.9
304,2023-01-01,Madrid Barajas,0.75974025974026,0.811791383219955,12.6904761904762,8.7020030234316,3.98847316704459,0.95190380761523,924.0,970.1
305,2022-12-31,Madrid Barajas,0.817733990147783,0.860788863109049,9.02955665024631,8.16844547563805,0.861111174608254,0.971496437054632,852.0,948.4
306,2022-12-30,Madrid Barajas,0.709233791748527,0.729083665338645,15.3261296660118,11.9528884462151,3.37324121979665,0.936708860759494,1039.0,949.0
307,2022-12-29,Madrid Barajas,0.758264462809917,0.752032520325203,12.7252066115702,10.2086720867209,2.51653452484938,0.946768060836502,1011.0,956.7
308,2022-12-28,Madrid Barajas,0.670040485829959,0.739837398373984,18.7327935222672,15.5839769647696,3.14881655749756,0.963671128107075,1009.0,964.4
309,2022-12-27,Madrid Barajas,0.760084925690021,0.811158798283262,12.5116772823779,12.6298283261803,-0.118151043802339,0.939805825242718,954.0,970.6
310,2022-12-26,Madrid Barajas,0.715463917525773,0.743157894736842,12.5298969072165,11.313298245614,1.21659866160246,0.942164179104478,1002.0,987.7
311,2022-12-25,Madrid Barajas,0.780612244897959,0.814516129032258,11.030612244898,10.3634856630824,0.667126581815522,0.952038369304556,772.0,999.4
312,2022-12-24,Madrid Barajas,0.774193548387097,0.818396226415094,10.7022332506203,14.0494496855346,-3.34721643491424,0.969411764705882,856.0,1032.3
313,2022-12-23,Madrid Barajas,0.633776091081594,0.647169811320755,19.3889943074004,17.2721698113208,2.11682449607963,0.933560477001704,1093.0,1051.3
314,2022-12-22,Madrid Barajas,0.660818713450292,0.749514563106796,17.0155945419103,13.1276375404531,3.88795700145726,0.935599284436494,1065.0,1049.1
315,2022-12-21,Madrid Barajas,0.694552529182879,0.754455445544555,14.988326848249,10.470297029703,4.51802981854606,0.953982300884956,1052.0,1044.4
316,2022-12-20,Madrid Barajas,0.63600782778865,0.707843137254902,18.7377690802348,15.6193790849673,3.11838999526751,0.946428571428571,1074.0,1036.0
317,2022-12-19,Madrid Barajas,0.698841698841699,0.642857142857143,19.1081081081081,20.4026383526384,-1.29453024453024,0.950963222416813,1084.0,1026.1
318,2022-12-18,Madrid Barajas,0.666666666666667,0.704166666666667,17.6141414141414,14.8494097222222,2.76473169191919,0.956766917293233,1002.0,1021.0
319,2022-12-17,Madrid Barajas,0.679324894514768,0.690376569037657,17.3607594936709,17.0545676429568,0.306191850714121,0.951267056530214,989.0,1018.1
320,2022-12-16,Madrid Barajas,0.632887189292543,0.643137254901961,20.4741873804971,19.273137254902,1.20105012559517,0.90787269681742,1078.0,1017.0
321,2022-12-15,Madrid Barajas,0.648,0.594810379241517,17.3468666666667,20.9189288090486,-3.5720621423819,0.932971014492754,1032.0,1012.0
322,2022-12-14,Madrid Barajas,0.529045643153527,0.527950310559006,22.8340248962656,25.2711870255349,-2.43716212926929,0.946257197696737,993.0,1009.1
323,2022-12-13,Madrid Barajas,0.54602510460251,0.505241090146751,23.004009762901,22.9204751921733,0.0835345707276716,0.954285714285714,1005.0,1009.6
324,2022-12-12,Madrid Barajas,0.521825396825397,0.476190476190476,28.0420634920635,29.8276785714286,-1.78561507936508,0.9375,1048.0,1006.1
325,2022-12-11,Madrid Barajas,0.577319587628866,0.572327044025157,25.9110996563574,26.2222921034242,-0.311192447066787,0.930711610486891,982.0,1005.1
326,2022-12-10,Madrid Barajas,0.724946695095949,0.721991701244813,14.8912579957356,17.0210580912863,-2.1298000955507,0.958083832335329,981.0,1005.6
327,2022-12-09,Madrid Barajas,0.653465346534653,0.648702594810379,19.6868646864686,18.6654357950765,1.02142889139213,0.939609236234458,1043.0,1010.4
328,2022-12-08,Madrid Barajas,0.782961460446247,0.739754098360656,11.4,13.1366120218579,-1.73661202185792,0.942592592592593,1012.0,1021.1
329,2022-12-07,Madrid Barajas,0.818181818181818,0.848049281314168,10.6940803382664,9.55735797399042,1.13672236427597,0.960552268244576,996.0,1020.4
330,2022-12-06,Madrid Barajas,0.858333333333333,0.911578947368421,7.28125,4.67715789473684,2.60409210526316,0.955684007707129,981.0,1024.3
331,2022-12-05,Madrid Barajas,0.768627450980392,0.850597609561753,15.543137254902,8.83097609561753,6.71216115928443,0.946043165467626,1041.0,1024.1
332,2022-12-04,Madrid Barajas,0.766393442622951,0.823651452282158,14.0463456284153,11.354806362379,2.69153926603632,0.945386064030132,985.0,1022.4
333,2022-12-03,Madrid Barajas,0.73109243697479,0.847870182555781,14.5903361344538,9.10429344151454,5.48604269293924,0.953757225433526,1015.0,1022.9
334,2022-12-02,Madrid Barajas,0.745353159851301,0.805860805860806,12.9182156133829,11.1087301587302,1.80948545465274,0.928571428571429,1118.0,1012.6
335,2022-12-01,Madrid Barajas,0.820408163265306,0.864197530864197,10.9489795918367,6.55816186556927,4.39081772626746,0.963391136801541,1007.0,1006.4
336,2022-11-30,Madrid Barajas,0.728744939271255,0.848178137651822,15.1419703103914,8.36359649122807,6.77837381916329,0.960526315789474,1023.0,1007.1
337,2022-11-29,Madrid Barajas,0.786749482401656,0.891891891891892,11.8916494133885,6.70828135828136,5.18336805510719,0.95906432748538,980.0,1004.6
338,2022-11-28,Madrid Barajas,0.715705765407555,0.81437125748503,12.7221338634858,8.74291417165669,3.97921969182907,0.962546816479401,1029.0,1008.9
339,2022-11-27,Madrid Barajas,0.756646216768916,0.81404958677686,13.6257668711656,11.192217630854,2.43354924031165,0.938547486033519,988.0,1013.7
340,2022-11-26,Madrid Barajas,0.809628008752735,0.883369330453564,11.5185995623632,6.3540316774658,5.16456788489744,0.947261663286004,943.0,1017.0
341,2022-11-25,Madrid Barajas,0.72936660268714,0.808712121212121,13.8982725527831,10.7519886363636,3.14628391641947,0.938704028021016,1075.0,1019.4
342,2022-11-24,Madrid Barajas,0.761806981519507,0.760736196319018,14.4702258726899,12.9662917518746,1.50393412081537,0.945488721804511,1012.0,1021.9
343,2022-11-23,Madrid Barajas,0.731958762886598,0.773469387755102,12.8,11.8540816326531,0.945918367346939,0.946969696969697,1005.0,1022.0
344,2022-11-22,Madrid Barajas,0.730061349693252,0.74120082815735,15.8302658486708,13.015873015873,2.81439283279774,0.949248120300752,1010.0,1021.0
345,2022-11-21,Madrid Barajas,0.563706563706564,0.647749510763209,23.030888030888,19.0061317677756,4.02475626311243,0.936731107205624,1063.0,1018.0
346,2022-11-20,Madrid Barajas,0.725609756097561,0.802469135802469,16.0081300813008,11.2389231824417,4.76920689885911,0.949907235621521,1011.0,1016.7
347,2022-11-19,Madrid Barajas,0.781857451403888,0.834042553191489,12.9956803455724,9.34982269503546,3.64585765053689,0.955645161290323,960.0,1015.7
348,2022-11-18,Madrid Barajas,0.659695817490494,0.718095238095238,16.3954372623574,13.4378095238095,2.95762773854789,0.934707903780069,1092.0,1017.6
349,2022-11-17,Madrid Barajas,0.683127572016461,0.733870967741935,16.9094650205761,14.7519153225806,2.15754969799549,0.958254269449715,1013.0,1017.7
350,2022-11-16,Madrid Barajas,0.763157894736842,0.834710743801653,12.7085020242915,8.96580578512397,3.74269623916753,0.954716981132075,998.0,1019.3
351,2022-11-15,Madrid Barajas,0.721649484536082,0.79253112033195,14.2701030927835,12.0482365145228,2.22186657826068,0.95945945945946,989.0,1015.9
352,2022-11-14,Madrid Barajas,0.690058479532164,0.811881188118812,16.2675113710201,9.87825082508251,6.38926054593763,0.929453262786596,1054.0,1014.7
353,2022-11-13,Madrid Barajas,0.768145161290323,0.855102040816326,12.7116935483871,8.76139455782313,3.95029899056397,0.954971857410882,1004.0,1015.4
354,2022-11-12,Madrid Barajas,0.698513800424629,0.76271186440678,16.6539278131635,13.7274011299435,2.92652668321998,0.923224568138196,973.0,1016.3
355,2022-11-11,Madrid Barajas,0.71780303030303,0.801115241635688,13.4791666666667,11.395322180917,2.08384448574969,0.928327645051195,1093.0,1013.9
356,2022-11-10,Madrid Barajas,0.810204081632653,0.886679920477137,12.3775510204082,7.80752153744201,4.57002948296615,0.931985294117647,1024.0,1012.1
357,2022-11-09,Madrid Barajas,0.823529411764706,0.852631578947368,10.402380952381,8.39522807017544,2.00715288220551,0.927480916030534,974.0,1014.1
358,2022-11-08,Madrid Barajas,0.730290456431535,0.850840336134454,15.0850622406639,8.65423669467787,6.43082554598603,0.932203389830509,981.0,1019.9
359,2022-11-07,Madrid Barajas,0.743589743589744,0.811881188118812,15.1136423405654,10.3718151815182,4.74182715904727,0.9375,1059.0,1021.3
360,2022-11-06,Madrid Barajas,0.679207920792079,0.795501022494888,17.019801980198,12.0377982276755,4.98200375252249,0.959334565619224,1010.0,1018.6
361,2022-11-05,Madrid Barajas,0.728285077951002,0.832589285714286,16.837416481069,11.0969494047619,5.74046707630714,0.888045540796964,956.0,1016.1
362,2022-11-04,Madrid Barajas,0.393063583815029,0.60233918128655,38.4277777777778,28.114587394412,10.3131903833658,0.902317880794702,1081.0,1018.0
363,2022-11-03,Madrid Barajas,0.762948207171315,0.790419161676647,13.8489043824701,11.3793413173653,2.46956306510485,0.906086956521739,1038.0,1019.1
364,2022-11-02,Madrid Barajas,0.816326530612245,0.884297520661157,11.1238775510204,7.19084022038567,3.93303733063473,0.900884955752213,1014.0,1016.6
365,2022-11-01,Madrid Barajas,0.828326180257511,0.847457627118644,11.0150214592275,10.358615819209,0.656405640018429,0.914018691588785,991.0,1020.7
